[
  {
    "account": "SBIN528137523",
    "status": "SUCCESSFUL",
    "amount": "6932",
    "date": "25/04/2020"
  },
  {
    "account": "HDFC5000003",
    "status": "SUCCESSFUL",
    "amount": "12000",
    "date": "10/04/2020"
  },
  {
  "account": "PHONEPE566",
  "status": "SUCCESSFUL",
  "amount": "650",
  "date": "09/04/2020"
},
  {
    "account": "ICICI6416325",
    "status": "SUCCESSFUL",
    "amount": "25000",
    "date": "25/03/2020"
  },
  {
    "account": "AMAZON83140513",
    "status": "SUCCESSFUL",
    "amount": "1763",
    "date": "10/05/2020"
  }
]