{
  "project_info": {
    "project_number": "772031262303",
    "firebase_url": "https://login-9e3ef.firebaseio.com",
    "project_id": "login-9e3ef",
    "storage_bucket": "login-9e3ef.appspot.com"
  },
  "client": [
    {
      "client_info": {
        "mobilesdk_app_id": "1:772031262303:android:e48834973ee179200e35ea",
        "android_client_info": {
          "package_name": "com.virtusavk.flutter_app"
        }
      },
      "oauth_client": [
        {
          "client_id": "772031262303-ovlcehiumfe6le32arcglc5e59ae5umn.apps.googleusercontent.com",
          "client_type": 3
        }
      ],
      "api_key": [
        {
          "current_key": "AIzaSyD44ZM41z2orMxkyCpQy_LsSXE8evpQXvA"
        }
      ],
      "services": {
        "appinvite_service": {
          "other_platform_oauth_client": [
            {
              "client_id": "772031262303-ovlcehiumfe6le32arcglc5e59ae5umn.apps.googleusercontent.com",
              "client_type": 3
            }
          ]
        }
      }
    }
  ],
  "configuration_version": "1"
}